{"cameraMode":{"drawMode":0,"name":"Shaded","section":"Shading Mode"},"sceneLighting":false,"audioPlay":false,"sceneViewState":{"m_AlwaysRefresh":false,"showFog":true,"showSkybox":false,"showFlares":true,"showImageEffects":true,"showParticleSystems":true,"showVisualEffectGraphs":true,"m_FxEnabled":true},"in2DMode":false,"pivot":{"x":-0.13978822529315949,"y":0.5933613777160645,"z":-1.4681726694107056},"rotation":{"x":0.052674636244773868,"y":-0.9452886581420898,"z":0.19348840415477754,"w":0.25734302401542666},"size":5.194850444793701,"orthographic":false}