{"cameraMode":{"drawMode":0,"name":"Shaded","section":"Shading Mode"},"sceneLighting":true,"audioPlay":false,"sceneViewState":{"m_AlwaysRefresh":false,"showFog":true,"showSkybox":false,"showFlares":true,"showImageEffects":true,"showParticleSystems":true,"showVisualEffectGraphs":true,"m_FxEnabled":true},"in2DMode":false,"pivot":{"x":1.0371098518371583,"y":0.14800024032592774,"z":6.805109977722168},"rotation":{"x":0.2862505614757538,"y":0.44339612126350405,"z":-0.15187735855579377,"w":0.8357142806053162},"size":10.732776641845704,"orthographic":true}