{"cameraMode":{"drawMode":0,"name":"Shaded","section":"Shading Mode"},"sceneLighting":true,"audioPlay":false,"sceneViewState":{"m_AlwaysRefresh":false,"showFog":true,"showSkybox":false,"showFlares":true,"showImageEffects":true,"showParticleSystems":true,"showVisualEffectGraphs":true,"m_FxEnabled":true},"in2DMode":false,"pivot":{"x":6.12745475769043,"y":-0.21630024909973145,"z":-13.067018508911133},"rotation":{"x":0.1339937001466751,"y":-0.0029729953967034818,"z":0.00040186455589719117,"w":0.9909800291061401},"size":6.493250370025635,"orthographic":true}