{"cameraMode":{"drawMode":0,"name":"Shaded","section":"Shading Mode"},"sceneLighting":false,"audioPlay":false,"sceneViewState":{"m_AlwaysRefresh":false,"showFog":true,"showSkybox":false,"showFlares":true,"showImageEffects":true,"showParticleSystems":true,"showVisualEffectGraphs":true,"m_FxEnabled":true},"in2DMode":false,"pivot":{"x":24.049999237060548,"y":0.4840313494205475,"z":11.450000762939454},"rotation":{"x":0.3858051598072052,"y":-0.09659954905509949,"z":0.04065927490592003,"w":0.9166078567504883},"size":4.916127681732178,"orthographic":true}