{"cameraMode":{"drawMode":0,"name":"Shaded","section":"Shading Mode"},"sceneLighting":false,"audioPlay":false,"sceneViewState":{"m_AlwaysRefresh":false,"showFog":true,"showSkybox":false,"showFlares":true,"showImageEffects":true,"showParticleSystems":true,"showVisualEffectGraphs":true,"m_FxEnabled":true},"in2DMode":false,"pivot":{"x":-0.005342841148376465,"y":0.09291952103376389,"z":-0.013319194316864014},"rotation":{"x":0.08377891778945923,"y":0.9131833910942078,"z":-0.24039171636104585,"w":0.3183409869670868},"size":0.29416337609291079,"orthographic":false}