{"cameraMode":{"drawMode":0,"name":"Shaded","section":"Shading Mode"},"sceneLighting":true,"audioPlay":false,"sceneViewState":{"m_AlwaysRefresh":false,"showFog":true,"showSkybox":false,"showFlares":true,"showImageEffects":true,"showParticleSystems":true,"showVisualEffectGraphs":true,"m_FxEnabled":true},"in2DMode":false,"pivot":{"x":4.510000228881836,"y":-1.0299999713897706,"z":-0.9999999403953552},"rotation":{"x":-0.032647330313920978,"y":-0.9515209197998047,"z":0.28591376543045046,"w":-0.10866158455610275},"size":4.867542266845703,"orthographic":true}