{"cameraMode":{"drawMode":0,"name":"Shaded","section":"Shading Mode"},"sceneLighting":true,"audioPlay":false,"sceneViewState":{"m_AlwaysRefresh":false,"showFog":true,"showSkybox":false,"showFlares":true,"showImageEffects":true,"showParticleSystems":true,"showVisualEffectGraphs":true,"m_FxEnabled":true},"in2DMode":false,"pivot":{"x":0.04762318730354309,"y":-0.14011871814727784,"z":-0.7873554229736328},"rotation":{"x":0.7144850492477417,"y":0.003148430259898305,"z":-0.0032151895575225355,"w":0.6996363997459412},"size":2.7071452140808107,"orthographic":false}