{"cameraMode":{"drawMode":0,"name":"Shaded","section":"Shading Mode"},"sceneLighting":false,"audioPlay":false,"sceneViewState":{"m_AlwaysRefresh":false,"showFog":true,"showSkybox":false,"showFlares":true,"showImageEffects":true,"showParticleSystems":true,"showVisualEffectGraphs":true,"m_FxEnabled":true},"in2DMode":false,"pivot":{"x":26.717060089111329,"y":0.9226188063621521,"z":1.3600003719329835},"rotation":{"x":0.6789060235023499,"y":-0.012113044038414956,"z":0.011203333735466004,"w":0.734039843082428},"size":10.566176414489746,"orthographic":true}