{"cameraMode":{"drawMode":0,"name":"Shaded","section":"Shading Mode"},"sceneLighting":true,"audioPlay":false,"sceneViewState":{"m_AlwaysRefresh":false,"showFog":true,"showSkybox":false,"showFlares":true,"showImageEffects":true,"showParticleSystems":true,"showVisualEffectGraphs":true,"m_FxEnabled":true},"in2DMode":false,"pivot":{"x":-5.645115375518799,"y":0.5709998607635498,"z":-1.7846152782440186},"rotation":{"x":0.6441375613212586,"y":-0.0022947266697883608,"z":0.0019324171589687467,"w":0.7649053335189819},"size":6.493249893188477,"orthographic":true}