{"cameraMode":{"drawMode":0,"name":"Shaded","section":"Shading Mode"},"sceneLighting":true,"audioPlay":false,"sceneViewState":{"m_AlwaysRefresh":false,"showFog":true,"showSkybox":false,"showFlares":true,"showImageEffects":true,"showParticleSystems":true,"showVisualEffectGraphs":true,"m_FxEnabled":true},"in2DMode":false,"pivot":{"x":-1.1150705814361573,"y":-0.035463809967041019,"z":-22.70890235900879},"rotation":{"x":-0.0021571461111307146,"y":-0.9948972463607788,"z":0.021790068596601487,"w":-0.0985206663608551},"size":6.580747127532959,"orthographic":false}